"TypeCode","FreqCode","RefPeriodId","RefYear","RefMonth","Period","ReporterCode","ReporterISO","ReporterDesc","FlowCode","FlowDesc","PartnerCode","PartnerISO","PartnerDesc","Partner2Code","Partner2ISO","Partner2Desc","ClassificationCode","ClassificationSearchCode","IsOriginalClassification","CmdCode","CmdDesc","AggrLevel","IsLeaf","CustomsCode","CustomsDesc","MosCode","MotCode","MotDesc","QtyUnitCode","QtyUnitAbbr","Qty","IsQtyEstimated","AltQtyUnitCode","AltQtyUnitAbbr","AltQty","IsAltQtyEstimated","NetWgt","IsNetWgtEstimated","GrossWgt","IsGrossWgtEstimated","Cifvalue","Fobvalue","PrimaryValue","LegacyEstimationFlag","IsReported","IsAggregate",
"C","M","20240101","2024","1","202401","20","AND","Andorra","M","Import","490","S19","Other Asia, nes","0","W00","World","H6","HS","true","8542","Electronic integrated circuits","4","false","C00","TOTAL CPC","0","0","TOTAL MOT","-1","N/A","0","false","-1","N/A","0","false","0.07","false","0","false","47.601",,"47.601","0","false","true",
"C","M","20240101","2024","1","202401","31","AZE","Azerbaijan","M","Import","490","S19","Other Asia, nes","0","W00","World","H6","HS","true","8542","Electronic integrated circuits","4","false","C00","TOTAL CPC","0","0","TOTAL MOT","5","u","50","false","5","u","50","false","1.8","false","0","false","1721",,"1721","0","false","true",
"C","M","20240101","2024","1","202401","32","ARG","Argentina","M","Import","490","S19","Other Asia, nes","0","W00","World","H6","HS","true","8542","Electronic integrated circuits","4","false","C00","TOTAL CPC","0","0","TOTAL MOT","5","u","1332270","false","5","u","1332270","false","10755.01","false","0","false","1021489.91","1004320.06","1021489.91","0","false","true",
"C","M","20240101","2024","1","202401","36","AUS","Australia","M","Import","490","S19","Other Asia, nes","0","W00","World","H6","HS","true","8542","Electronic integrated circuits","4","false","C00","TOTAL CPC","0","0","TOTAL MOT","5","u","1046177","false","5","u","1046177","false",,"false","0","false","8040615.189","7980370.328","8040615.189","0","false","true",
"C","M","20240101","2024","1","202401","56","BEL","Belgium","M","Import","490","S19","Other Asia, nes","0","W00","World","H6","HS","true","8542","Electronic integrated circuits","4","false","C00","TOTAL CPC","0","0","TOTAL MOT","-1","N/A","0","true","-1","N/A","0","false","10241.69","false","0","false","43947540.597",,"43947540.597","2","false","true",
"C","M","20240101","2024","1","202401","68","BOL","Bolivia (Plurinational State of)","M","Import","490","S19","Other Asia, nes","0","W00","World","H6","HS","true","8542","Electronic integrated circuits","4","false","C00","TOTAL CPC","0","0","TOTAL MOT","-1","N/A","0","false","-1","N/A","0","false","0.107","true","0","false","201","179","201","4","false","true",
"C","M","20240101","2024","1","202401","70","BIH","Bosnia Herzegovina","M","Import","490","S19","Other Asia, nes","0","W00","World","H6","HS","true","8542","Electronic integrated circuits","4","false","C00","TOTAL CPC","0","0","TOTAL MOT","-1","N/A","0","false","-1","N/A","0","false","31.43","false","0","false","7796.354",,"7796.354","0","false","true",
"C","M","20240101","2024","1","202401","76","BRA","Brazil","M","Import","490","S19","Other Asia, nes","0","W00","World","H6","HS","true","8542","Electronic integrated circuits","4","false","C00","TOTAL CPC","0","0","TOTAL MOT","-1","N/A","0","true","-1","N/A","0","false","18863.991","true","0","false","108864448","108451853","108864448","6","false","true",
"C","M","20240101","2024","1","202401","100","BGR","Bulgaria","M","Import","490","S19","Other Asia, nes","0","W00","World","H6","HS","true","8542","Electronic integrated circuits","4","false","C00","TOTAL CPC","0","0","TOTAL MOT","-1","N/A","0","false","-1","N/A","0","false","1974.599","true","0","false","2495614.679",,"2495614.679","4","false","true",
"C","M","20240101","2024","1","202401","124","CAN","Canada","M","Import","490","S19","Other Asia, nes","0","W00","World","H6","HS","true","8542","Electronic integrated circuits","4","false","C00","TOTAL CPC","0","0","TOTAL MOT","-1","N/A","0","true","-1","N/A","0","false","11610.3","true","0","false",,"19646304.574","19646304.574","6","false","true",
"C","M","20240101","2024","1","202401","152","CHL","Chile","M","Import","490","S19","Other Asia, nes","0","W00","World","H6","HS","true","8542","Electronic integrated circuits","4","false","C00","TOTAL CPC","0","0","TOTAL MOT","5","u","13964","false","5","u","13964","false","200.305","true","0","false","374579.328","357543.275","374579.328","4","false","true",
"C","M","20240101","2024","1","202401","170","COL","Colombia","M","Import","490","S19","Other Asia, nes","0","W00","World","H6","HS","true","8542","Electronic integrated circuits","4","false","C00","TOTAL CPC","0","0","TOTAL MOT","5","u","20380","false","5","u","20380","false","316.19","false","0","false","188215.72","186222.21","188215.72","0","false","true",
"C","M","20240101","2024","1","202401","203","CZE","Czechia","M","Import","490","S19","Other Asia, nes","0","W00","World","H6","HS","true","8542","Electronic integrated circuits","4","false","C00","TOTAL CPC","0","0","TOTAL MOT","-1","N/A","0","false","-1","N/A","0","false","6884.318","true","0","false","12032710","11399660","12032710","4","false","true",
"C","M","20240101","2024","1","202401","208","DNK","Denmark","M","Import","490","S19","Other Asia, nes","0","W00","World","H6","HS","true","8542","Electronic integrated circuits","4","false","C00","TOTAL CPC","0","0","TOTAL MOT","-1","N/A","0","true","-1","N/A","0","false","1185","false","0","false","1682017.762",,"1682017.762","2","false","true",
"C","M","20240101","2024","1","202401","222","SLV","El Salvador","M","Import","490","S19","Other Asia, nes","0","W00","World","H6","HS","true","8542","Electronic integrated circuits","4","false","C00","TOTAL CPC","0","0","TOTAL MOT","-1","N/A","0","false","-1","N/A","0","false","339.07","false","0","false","6283.95",,"6283.95","0","false","true",
"C","M","20240101","2024","1","202401","233","EST","Estonia","M","Import","490","S19","Other Asia, nes","0","W00","World","H6","HS","true","8542","Electronic integrated circuits","4","false","C00","TOTAL CPC","0","0","TOTAL MOT","-1","N/A","0","false","-1","N/A","0","false","962.813","false","0","false","1306268.8",,"1306268.8","0","false","true",
"C","M","20240101","2024","1","202401","242","FJI","Fiji","M","Import","490","S19","Other Asia, nes","0","W00","World","H6","HS","true","8542","Electronic integrated circuits","4","false","C00","TOTAL CPC","0","0","TOTAL MOT","8","kg","40","false","8","kg","40","false","40","false","0","false","18261.314",,"18261.314","0","false","true",
"C","M","20240101","2024","1","202401","246","FIN","Finland","M","Import","490","S19","Other Asia, nes","0","W00","World","H6","HS","true","8542","Electronic integrated circuits","4","false","C00","TOTAL CPC","0","0","TOTAL MOT","-1","N/A","0","false","-1","N/A","0","false","9306.183","true","0","false","35708505.673",,"35708505.673","4","false","true",
"C","M","20240101","2024","1","202401","251","FRA","France","M","Import","490","S19","Other Asia, nes","0","W00","World","H6","HS","true","8542","Electronic integrated circuits","4","false","C00","TOTAL CPC","0","0","TOTAL MOT","-1","N/A","0","true","-1","N/A","0","false","23463.085","true","0","false","83312360.195",,"83312360.195","6","false","true",
"C","M","20240101","2024","1","202401","276","DEU","Germany","M","Import","490","S19","Other Asia, nes","0","W00","World","H6","HS","true","8542","Electronic integrated circuits","4","false","C00","TOTAL CPC","0","0","TOTAL MOT","-1","N/A","0","false","-1","N/A","0","false","152982.579","true","0","false","493862138.808",,"493862138.808","4","false","true",
"C","M","20240101","2024","1","202401","300","GRC","Greece","M","Import","490","S19","Other Asia, nes","0","W00","World","H6","HS","true","8542","Electronic integrated circuits","4","false","C00","TOTAL CPC","0","0","TOTAL MOT","-1","N/A","0","false","-1","N/A","0","false","6","false","0","false","10632.508",,"10632.508","0","false","true",
"C","M","20240101","2024","1","202401","320","GTM","Guatemala","M","Import","490","S19","Other Asia, nes","0","W00","World","H6","HS","true","8542","Electronic integrated circuits","4","false","C00","TOTAL CPC","0","0","TOTAL MOT","-1","N/A","0","false","-1","N/A","0","false","188","false","0","false","1734",,"1734","0","false","true",
"C","M","20240101","2024","1","202401","344","HKG","China, Hong Kong SAR","M","Import","490","S19","Other Asia, nes","0","W00","World","H6","HS","true","8542","Electronic integrated circuits","4","false","C00","TOTAL CPC","0","0","TOTAL MOT","-1","N/A","0","false","-1","N/A","0","false","1828350.358","true","0","false","3345013249.034",,"3345013249.034","4","false","true",
"C","M","20240101","2024","1","202401","348","HUN","Hungary","M","Import","490","S19","Other Asia, nes","0","W00","World","H6","HS","true","8542","Electronic integrated circuits","4","false","C00","TOTAL CPC","0","0","TOTAL MOT","5","u","8228745.63","true","-1","N/A","0","false","5331.594","true","0","false","12897775",,"12897775","6","false","true",
"C","M","20240101","2024","1","202401","352","ISL","Iceland","M","Import","490","S19","Other Asia, nes","0","W00","World","H6","HS","true","8542","Electronic integrated circuits","4","false","C00","TOTAL CPC","0","0","TOTAL MOT","-1","N/A","0","false","-1","N/A","0","false","17.027","true","0","false","10674.015","10609.444","10674.015","4","false","true",
"C","M","20240101","2024","1","202401","372","IRL","Ireland","M","Import","490","S19","Other Asia, nes","0","W00","World","H6","HS","true","8542","Electronic integrated circuits","4","false","C00","TOTAL CPC","0","0","TOTAL MOT","-1","N/A","0","true","-1","N/A","0","false","1766.447","true","0","false","6885565.219",,"6885565.219","6","false","true",
"C","M","20240101","2024","1","202401","376","ISR","Israel","M","Import","490","S19","Other Asia, nes","0","W00","World","H6","HS","true","8542","Electronic integrated circuits","4","false","C00","TOTAL CPC","0","0","TOTAL MOT","-1","N/A","0","true","-1","N/A","0","false","31430.028","true","0","false","58128000",,"58128000","6","false","true",
"C","M","20240101","2024","1","202401","380","ITA","Italy","M","Import","490","S19","Other Asia, nes","0","W00","World","H6","HS","true","8542","Electronic integrated circuits","4","false","C00","TOTAL CPC","0","0","TOTAL MOT","-1","N/A","0","true","-1","N/A","0","false","3523","false","0","false","8479346.527",,"8479346.527","2","false","true",
"C","M","20240101","2024","1","202401","392","JPN","Japan","M","Import","490","S19","Other Asia, nes","0","W00","World","H6","HS","true","8542","Electronic integrated circuits","4","false","C00","TOTAL CPC","0","0","TOTAL MOT","-1","N/A","0","false","-1","N/A","0","false","521537.653","true","0","false","956281506.346",,"956281506.346","4","false","true",
"C","M","20240101","2024","1","202401","398","KAZ","Kazakhstan","M","Import","490","S19","Other Asia, nes","0","W00","World","H6","HS","true","8542","Electronic integrated circuits","4","false","C00","TOTAL CPC","0","0","TOTAL MOT","5","u","2295","false","5","u","2295","false","166.96","false","0","false","133723.23",,"133723.23","0","false","true",
"C","M","20240101","2024","1","202401","417","KGZ","Kyrgyzstan","M","Import","490","S19","Other Asia, nes","0","W00","World","H6","HS","true","8542","Electronic integrated circuits","4","false","C00","TOTAL CPC","0","0","TOTAL MOT","-1","N/A","0","false","-1","N/A","0","false","6","false","0","false","92290",,"92290","0","false","true",
"C","M","20240101","2024","1","202401","428","LVA","Latvia","M","Import","490","S19","Other Asia, nes","0","W00","World","H6","HS","true","8542","Electronic integrated circuits","4","false","C00","TOTAL CPC","0","0","TOTAL MOT","-1","N/A","0","false","-1","N/A","0","false","1481.222","true","0","false","3310306.469",,"3310306.469","4","false","true",
"C","M","20240101","2024","1","202401","440","LTU","Lithuania","M","Import","490","S19","Other Asia, nes","0","W00","World","H6","HS","true","8542","Electronic integrated circuits","4","false","C00","TOTAL CPC","0","0","TOTAL MOT","-1","N/A","0","false","-1","N/A","0","false","157.965","false","0","false","707679",,"707679","0","false","true",
"C","M","20240101","2024","1","202401","442","LUX","Luxembourg","M","Import","490","S19","Other Asia, nes","0","W00","World","H6","HS","true","8542","Electronic integrated circuits","4","false","C00","TOTAL CPC","0","0","TOTAL MOT","-1","N/A","0","false","-1","N/A","0","false","10.372","false","0","false","12110.165","10162.915","12110.165","0","false","true",
"C","M","20240101","2024","1","202401","446","MAC","China, Macao SAR","M","Import","490","S19","Other Asia, nes","0","W00","World","H6","HS","true","8542","Electronic integrated circuits","4","false","C00","TOTAL CPC","0","0","TOTAL MOT","-1","N/A","0","false","-1","N/A","0","false","67","false","0","false","630061.809",,"630061.809","0","false","true",
"C","M","20240101","2024","1","202401","458","MYS","Malaysia","M","Import","490","S19","Other Asia, nes","0","W00","World","H6","HS","true","8542","Electronic integrated circuits","4","false","C00","TOTAL CPC","0","0","TOTAL MOT","-1","N/A","0","false","-1","N/A","0","false","4664321.675","true","0","false","817244926.387",,"817244926.387","4","false","true",
"C","M","20240101","2024","1","202401","484","MEX","Mexico","M","Import","490","S19","Other Asia, nes","0","W00","World","H6","HS","true","8542","Electronic integrated circuits","4","false","C00","TOTAL CPC","0","0","TOTAL MOT","-1","N/A","0","false","-1","N/A","0","false","0","true","0","false",,"352626498","352626498","4","false","true",
"C","M","20240101","2024","1","202401","498","MDA","Rep. of Moldova","M","Import","490","S19","Other Asia, nes","0","W00","World","H6","HS","true","8542","Electronic integrated circuits","4","false","C00","TOTAL CPC","0","0","TOTAL MOT","-1","N/A","0","false","-1","N/A","0","false","41.302","true","0","false","69871",,"69871","4","false","true",
"C","M","20240101","2024","1","202401","504","MAR","Morocco","M","Import","490","S19","Other Asia, nes","0","W00","World","H6","HS","true","8542","Electronic integrated circuits","4","false","C00","TOTAL CPC","0","0","TOTAL MOT","-1","N/A","0","true","-1","N/A","0","false","545.404","false","0","false","326410.802",,"326410.802","2","false","true",
"C","M","20240101","2024","1","202401","516","NAM","Namibia","M","Import","490","S19","Other Asia, nes","0","W00","World","H6","HS","true","8542","Electronic integrated circuits","4","false","C00","TOTAL CPC","0","0","TOTAL MOT","5","u","20","false","5","u","20","false","0.5","false","0","false","63.147",,"63.147","0","false","true",
"C","M","20240101","2024","1","202401","528","NLD","Netherlands","M","Import","490","S19","Other Asia, nes","0","W00","World","H6","HS","true","8542","Electronic integrated circuits","4","false","C00","TOTAL CPC","0","0","TOTAL MOT","-1","N/A","0","true","-1","N/A","0","false","20586.537","true","0","false","15107827.52",,"15107827.52","6","false","true",
"C","M","20240101","2024","1","202401","554","NZL","New Zealand","M","Import","490","S19","Other Asia, nes","0","W00","World","H6","HS","true","8542","Electronic integrated circuits","4","false","C00","TOTAL CPC","0","0","TOTAL MOT","-1","N/A","0","true","-1","N/A","0","false","415.942","true","0","false","755313.579","752361.728","755313.579","6","false","true",
"C","M","20240101","2024","1","202401","579","NOR","Norway","M","Import","490","S19","Other Asia, nes","0","W00","World","H6","HS","true","8542","Electronic integrated circuits","4","false","C00","TOTAL CPC","0","0","TOTAL MOT","-1","N/A","0","false","-1","N/A","0","false","1688","false","0","false","2286591.834",,"2286591.834","0","false","true",
"C","M","20240101","2024","1","202401","591","PAN","Panama","M","Import","490","S19","Other Asia, nes","0","W00","World","H6","HS","true","8542","Electronic integrated circuits","4","false","C00","TOTAL CPC","0","0","TOTAL MOT","-1","N/A","0","false","-1","N/A","0","false","116","false","116","false","14123",,"14123","0","false","true",
"C","M","20240101","2024","1","202401","600","PRY","Paraguay","M","Import","490","S19","Other Asia, nes","0","W00","World","H6","HS","true","8542","Electronic integrated circuits","4","false","C00","TOTAL CPC","0","0","TOTAL MOT","-1","N/A","0","false","-1","N/A","0","false","2","false","0","false","113.77","111.56","113.77","0","false","true",
"C","M","20240101","2024","1","202401","608","PHL","Philippines","M","Import","490","S19","Other Asia, nes","0","W00","World","H6","HS","true","8542","Electronic integrated circuits","4","false","C00","TOTAL CPC","0","0","TOTAL MOT","-1","N/A","0","false","-1","N/A","0","false","90694.477","true","119931.88","false","140031462","134468519","140031462","4","false","true",
"C","M","20240101","2024","1","202401","616","POL","Poland","M","Import","490","S19","Other Asia, nes","0","W00","World","H6","HS","true","8542","Electronic integrated circuits","4","false","C00","TOTAL CPC","0","0","TOTAL MOT","-1","N/A","0","true","-1","N/A","0","false","95013","false","0","false","55431686",,"55431686","2","false","true",
"C","M","20240101","2024","1","202401","620","PRT","Portugal","M","Import","490","S19","Other Asia, nes","0","W00","World","H6","HS","true","8542","Electronic integrated circuits","4","false","C00","TOTAL CPC","0","0","TOTAL MOT","-1","N/A","0","false","-1","N/A","0","false","2785.873","true","0","false","13861833.909",,"13861833.909","4","false","true",
"C","M","20240101","2024","1","202401","642","ROU","Romania","M","Import","490","S19","Other Asia, nes","0","W00","World","H6","HS","true","8542","Electronic integrated circuits","4","false","C00","TOTAL CPC","0","0","TOTAL MOT","-1","N/A","0","false","-1","N/A","0","false","2566.066","true","0","false","14484356.18","13900533.76","14484356.18","4","false","true",
"C","M","20240101","2024","1","202401","688","SRB","Serbia","M","Import","490","S19","Other Asia, nes","0","W00","World","H6","HS","true","8542","Electronic integrated circuits","4","false","C00","TOTAL CPC","0","0","TOTAL MOT","-1","N/A","0","false","-1","N/A","0","false","593.401","true","0","false","946765","909303","946765","4","false","true",
"C","M","20240101","2024","1","202401","699","IND","India","M","Import","490","S19","Other Asia, nes","0","W00","World","H6","HS","true","8542","Electronic integrated circuits","4","false","C00","TOTAL CPC","0","0","TOTAL MOT","-1","N/A","0","true","-1","N/A","0","false","286042.355","true","0","false","521559141.141",,"521559141.141","6","false","true",
"C","M","20240101","2024","1","202401","703","SVK","Slovakia","M","Import","490","S19","Other Asia, nes","0","W00","World","H6","HS","true","8542","Electronic integrated circuits","4","false","C00","TOTAL CPC","0","0","TOTAL MOT","-1","N/A","0","false","-1","N/A","0","false","5699.867","true","0","false","6390085.989","6226697.604","6390085.989","4","false","true",
"C","M","20240101","2024","1","202401","705","SVN","Slovenia","M","Import","490","S19","Other Asia, nes","0","W00","World","H6","HS","true","8542","Electronic integrated circuits","4","false","C00","TOTAL CPC","0","0","TOTAL MOT","-1","N/A","0","false","-1","N/A","0","false","602.678","false","0","false","1104216.744",,"1104216.744","0","false","true",
"C","M","20240101","2024","1","202401","710","ZAF","South Africa","M","Import","490","S19","Other Asia, nes","0","W00","World","H6","HS","true","8542","Electronic integrated circuits","4","false","C00","TOTAL CPC","0","0","TOTAL MOT","-1","N/A","0","false","-1","N/A","0","false","1408.555","true","0","false",,"2597598.143","2597598.143","4","false","true",
"C","M","20240101","2024","1","202401","724","ESP","Spain","M","Import","490","S19","Other Asia, nes","0","W00","World","H6","HS","true","8542","Electronic integrated circuits","4","false","C00","TOTAL CPC","0","0","TOTAL MOT","-1","N/A","0","false","-1","N/A","0","false","9183.626","false","0","false","11962401.642",,"11962401.642","0","false","true",
"C","M","20240101","2024","1","202401","752","SWE","Sweden","M","Import","490","S19","Other Asia, nes","0","W00","World","H6","HS","true","8542","Electronic integrated circuits","4","false","C00","TOTAL CPC","0","0","TOTAL MOT","-1","N/A","0","false","-1","N/A","0","false",,"false","0","false","6863604.978",,"6863604.978","0","false","true",
"C","M","20240101","2024","1","202401","757","CHE","Switzerland","M","Import","490","S19","Other Asia, nes","0","W00","World","H6","HS","true","8542","Electronic integrated circuits","4","false","C00","TOTAL CPC","0","0","TOTAL MOT","-1","N/A","0","true","-1","N/A","0","false","3501","false","0","false","13113850.865",,"13113850.865","2","false","true",
"C","M","20240101","2024","1","202401","792","TUR","Türkiye","M","Import","490","S19","Other Asia, nes","0","W00","World","H6","HS","true","8542","Electronic integrated circuits","4","false","C00","TOTAL CPC","0","0","TOTAL MOT","-1","N/A","0","false","-1","N/A","0","false","8897","false","0","false","25411747","23826750.89","25411747","0","false","true",
"C","M","20240101","2024","1","202401","804","UKR","Ukraine","M","Import","490","S19","Other Asia, nes","0","W00","World","H6","HS","true","8542","Electronic integrated circuits","4","false","C00","TOTAL CPC","0","0","TOTAL MOT","-1","N/A","0","false","-1","N/A","0","false","1074.205","false","0","false","3151021.68",,"3151021.68","0","false","true",
"C","M","20240101","2024","1","202401","807","MKD","North Macedonia","M","Import","490","S19","Other Asia, nes","0","W00","World","H6","HS","true","8542","Electronic integrated circuits","4","false","C00","TOTAL CPC","0","0","TOTAL MOT","5","u","382590.32","true","-1","N/A","0","false","284.015","true","0","false","710893.318",,"710893.318","6","false","true",
"C","M","20240101","2024","1","202401","818","EGY","Egypt","M","Import","490","S19","Other Asia, nes","0","W00","World","H6","HS","true","8542","Electronic integrated circuits","4","false","C00","TOTAL CPC","0","0","TOTAL MOT","5","u","2909471.788","true","-1","N/A","0","false","2650.068","true","0","false","4899945.521",,"4899945.521","6","false","true",
"C","M","20240101","2024","1","202401","826","GBR","United Kingdom","M","Import","490","S19","Other Asia, nes","0","W00","World","H6","HS","true","8542","Electronic integrated circuits","4","false","C00","TOTAL CPC","0","0","TOTAL MOT","-1","N/A","0","false","-1","N/A","0","false","31927.9","true","0","false","80581336.31",,"80581336.31","4","false","true",
"C","M","20240101","2024","1","202401","842","USA","USA","M","Import","490","S19","Other Asia, nes","0","W00","World","H6","HS","true","8542","Electronic integrated circuits","4","false","C00","TOTAL CPC","0","0","TOTAL MOT","-1","N/A","0","true","-1","N/A","0","false","377472.41","true","0","false","691481667","688403071","691481667","6","false","true",
"C","M","20240201","2024","2","202402","31","AZE","Azerbaijan","M","Import","490","S19","Other Asia, nes","0","W00","World","H6","HS","true","8542","Electronic integrated circuits","4","false","C00","TOTAL CPC","0","0","TOTAL MOT","5","u","4800","false","5","u","4800","false","2.579","false","0","false","10389.84",,"10389.84","0","false","true",
"C","M","20240201","2024","2","202402","32","ARG","Argentina","M","Import","490","S19","Other Asia, nes","0","W00","World","H6","HS","true","8542","Electronic integrated circuits","4","false","C00","TOTAL CPC","0","0","TOTAL MOT","5","u","409544","false","5","u","409544","false","31717.126","false","0","false","997699.74","972937.35","997699.74","0","false","true",
"C","M","20240201","2024","2","202402","36","AUS","Australia","M","Import","490","S19","Other Asia, nes","0","W00","World","H6","HS","true","8542","Electronic integrated circuits","4","false","C00","TOTAL CPC","0","0","TOTAL MOT","-1","N/A","0","true","-1","N/A","0","false",,"false","0","false","6981928.49","6926472.973","6981928.49","2","false","true",
"C","M","20240201","2024","2","202402","56","BEL","Belgium","M","Import","490","S19","Other Asia, nes","0","W00","World","H6","HS","true","8542","Electronic integrated circuits","4","false","C00","TOTAL CPC","0","0","TOTAL MOT","-1","N/A","0","true","-1","N/A","0","false","11216.63","false","0","false","37150057.485",,"37150057.485","2","false","true",
"C","M","20240201","2024","2","202402","68","BOL","Bolivia (Plurinational State of)","M","Import","490","S19","Other Asia, nes","0","W00","World","H6","HS","true","8542","Electronic integrated circuits","4","false","C00","TOTAL CPC","0","0","TOTAL MOT","-1","N/A","0","false","-1","N/A","0","false","0.102","true","11","false","188","175","188","4","false","true",
"C","M","20240201","2024","2","202402","70","BIH","Bosnia Herzegovina","M","Import","490","S19","Other Asia, nes","0","W00","World","H6","HS","true","8542","Electronic integrated circuits","4","false","C00","TOTAL CPC","0","0","TOTAL MOT","-1","N/A","0","false","-1","N/A","0","false","2.25","false","0","false","2985.333",,"2985.333","0","false","true",
"C","M","20240201","2024","2","202402","76","BRA","Brazil","M","Import","490","S19","Other Asia, nes","0","W00","World","H6","HS","true","8542","Electronic integrated circuits","4","false","C00","TOTAL CPC","0","0","TOTAL MOT","-1","N/A","0","true","-1","N/A","0","false","18518.941","true","0","false","98102517","97689970","98102517","6","false","true",
"C","M","20240201","2024","2","202402","100","BGR","Bulgaria","M","Import","490","S19","Other Asia, nes","0","W00","World","H6","HS","true","8542","Electronic integrated circuits","4","false","C00","TOTAL CPC","0","0","TOTAL MOT","-1","N/A","0","false","-1","N/A","0","false","2674.125","true","0","false","2193881.528",,"2193881.528","4","false","true",
"C","M","20240201","2024","2","202402","124","CAN","Canada","M","Import","490","S19","Other Asia, nes","0","W00","World","H6","HS","true","8542","Electronic integrated circuits","4","false","C00","TOTAL CPC","0","0","TOTAL MOT","-1","N/A","0","true","-1","N/A","0","false","11308.004","true","0","false",,"20123428.776","20123428.776","6","false","true",
"C","M","20240201","2024","2","202402","152","CHL","Chile","M","Import","490","S19","Other Asia, nes","0","W00","World","H6","HS","true","8542","Electronic integrated circuits","4","false","C00","TOTAL CPC","0","0","TOTAL MOT","5","u","11180","false","5","u","11180","false","153.541","true","0","false","287190.15","279734.855","287190.15","4","false","true",
"C","M","20240201","2024","2","202402","170","COL","Colombia","M","Import","490","S19","Other Asia, nes","0","W00","World","H6","HS","true","8542","Electronic integrated circuits","4","false","C00","TOTAL CPC","0","0","TOTAL MOT","5","u","328732","false","5","u","328732","false","906.08","false","0","false","573183.33","565176.35","573183.33","0","false","true",
"C","M","20240201","2024","2","202402","191","HRV","Croatia","M","Import","490","S19","Other Asia, nes","0","W00","World","H6","HS","true","8542","Electronic integrated circuits","4","false","C00","TOTAL CPC","0","0","TOTAL MOT","5","u","2663.653","true","-1","N/A","0","false","2.104","false","0","false","3505",,"3505","2","false","true",
"C","M","20240201","2024","2","202402","203","CZE","Czechia","M","Import","490","S19","Other Asia, nes","0","W00","World","H6","HS","true","8542","Electronic integrated circuits","4","false","C00","TOTAL CPC","0","0","TOTAL MOT","-1","N/A","0","false","-1","N/A","0","false","7910.673","true","0","false","12574243","11827554","12574243","4","false","true",
"C","M","20240201","2024","2","202402","208","DNK","Denmark","M","Import","490","S19","Other Asia, nes","0","W00","World","H6","HS","true","8542","Electronic integrated circuits","4","false","C00","TOTAL CPC","0","0","TOTAL MOT","-1","N/A","0","true","-1","N/A","0","false","831","false","0","false","1775749.498",,"1775749.498","2","false","true",
"C","M","20240201","2024","2","202402","222","SLV","El Salvador","M","Import","490","S19","Other Asia, nes","0","W00","World","H6","HS","true","8542","Electronic integrated circuits","4","false","C00","TOTAL CPC","0","0","TOTAL MOT","-1","N/A","0","false","-1","N/A","0","false","158","false","0","false","6163.73",,"6163.73","0","false","true",
"C","M","20240201","2024","2","202402","246","FIN","Finland","M","Import","490","S19","Other Asia, nes","0","W00","World","H6","HS","true","8542","Electronic integrated circuits","4","false","C00","TOTAL CPC","0","0","TOTAL MOT","-1","N/A","0","false","-1","N/A","0","false","4247.919","true","0","false","9337328.472",,"9337328.472","4","false","true",
"C","M","20240201","2024","2","202402","251","FRA","France","M","Import","490","S19","Other Asia, nes","0","W00","World","H6","HS","true","8542","Electronic integrated circuits","4","false","C00","TOTAL CPC","0","0","TOTAL MOT","-1","N/A","0","true","-1","N/A","0","false","25228.151","true","0","false","61850912.217",,"61850912.217","6","false","true",
"C","M","20240201","2024","2","202402","276","DEU","Germany","M","Import","490","S19","Other Asia, nes","0","W00","World","H6","HS","true","8542","Electronic integrated circuits","4","false","C00","TOTAL CPC","0","0","TOTAL MOT","-1","N/A","0","false","-1","N/A","0","false","177901.637","true","0","false","362635021.911",,"362635021.911","4","false","true",
"C","M","20240201","2024","2","202402","300","GRC","Greece","M","Import","490","S19","Other Asia, nes","0","W00","World","H6","HS","true","8542","Electronic integrated circuits","4","false","C00","TOTAL CPC","0","0","TOTAL MOT","5","u","5421.338","true","-1","N/A","0","false","16","false","0","false","9332.03",,"9332.03","2","false","true",
"C","M","20240201","2024","2","202402","320","GTM","Guatemala","M","Import","490","S19","Other Asia, nes","0","W00","World","H6","HS","true","8542","Electronic integrated circuits","4","false","C00","TOTAL CPC","0","0","TOTAL MOT","-1","N/A","0","false","-1","N/A","0","false","1023","false","0","false","1026",,"1026","0","false","true",
"C","M","20240201","2024","2","202402","344","HKG","China, Hong Kong SAR","M","Import","490","S19","Other Asia, nes","0","W00","World","H6","HS","true","8542","Electronic integrated circuits","4","false","C00","TOTAL CPC","0","0","TOTAL MOT","-1","N/A","0","false","-1","N/A","0","false","1701234.491","true","0","false","3155900731.169",,"3155900731.169","4","false","true",
"C","M","20240201","2024","2","202402","348","HUN","Hungary","M","Import","490","S19","Other Asia, nes","0","W00","World","H6","HS","true","8542","Electronic integrated circuits","4","false","C00","TOTAL CPC","0","0","TOTAL MOT","-1","N/A","0","false","-1","N/A","0","false","3200","false","0","false","7909343",,"7909343","0","false","true",
"C","M","20240201","2024","2","202402","352","ISL","Iceland","M","Import","490","S19","Other Asia, nes","0","W00","World","H6","HS","true","8542","Electronic integrated circuits","4","false","C00","TOTAL CPC","0","0","TOTAL MOT","-1","N/A","0","false","-1","N/A","0","false","26.576","true","0","false","9319.096","9269.008","9319.096","4","false","true",
"C","M","20240201","2024","2","202402","372","IRL","Ireland","M","Import","490","S19","Other Asia, nes","0","W00","World","H6","HS","true","8542","Electronic integrated circuits","4","false","C00","TOTAL CPC","0","0","TOTAL MOT","-1","N/A","0","true","-1","N/A","0","false","1368.998","true","0","false","6699773.911",,"6699773.911","6","false","true",
"C","M","20240201","2024","2","202402","376","ISR","Israel","M","Import","490","S19","Other Asia, nes","0","W00","World","H6","HS","true","8542","Electronic integrated circuits","4","false","C00","TOTAL CPC","0","0","TOTAL MOT","-1","N/A","0","true","-1","N/A","0","false","13267.382","true","0","false","24329000",,"24329000","6","false","true",
"C","M","20240201","2024","2","202402","380","ITA","Italy","M","Import","490","S19","Other Asia, nes","0","W00","World","H6","HS","true","8542","Electronic integrated circuits","4","false","C00","TOTAL CPC","0","0","TOTAL MOT","-1","N/A","0","true","-1","N/A","0","false","2563","false","0","false","3941097.26",,"3941097.26","2","false","true",
"C","M","20240201","2024","2","202402","392","JPN","Japan","M","Import","490","S19","Other Asia, nes","0","W00","World","H6","HS","true","8542","Electronic integrated circuits","4","false","C00","TOTAL CPC","0","0","TOTAL MOT","-1","N/A","0","false","-1","N/A","0","false","529443.508","true","0","false","970632402.037",,"970632402.037","4","false","true",
"C","M","20240201","2024","2","202402","398","KAZ","Kazakhstan","M","Import","490","S19","Other Asia, nes","0","W00","World","H6","HS","true","8542","Electronic integrated circuits","4","false","C00","TOTAL CPC","0","0","TOTAL MOT","5","u","2013","false","5","u","2013","false","139.27","false","0","false","95671.82",,"95671.82","0","false","true",
"C","M","20240201","2024","2","202402","417","KGZ","Kyrgyzstan","M","Import","490","S19","Other Asia, nes","0","W00","World","H6","HS","true","8542","Electronic integrated circuits","4","false","C00","TOTAL CPC","0","0","TOTAL MOT","-1","N/A","0","false","-1","N/A","0","false","1","false","0","false","90",,"90","0","false","true",
"C","M","20240201","2024","2","202402","428","LVA","Latvia","M","Import","490","S19","Other Asia, nes","0","W00","World","H6","HS","true","8542","Electronic integrated circuits","4","false","C00","TOTAL CPC","0","0","TOTAL MOT","-1","N/A","0","false","-1","N/A","0","false","944.16","true","0","false","2964907.507",,"2964907.507","4","false","true",
"C","M","20240201","2024","2","202402","440","LTU","Lithuania","M","Import","490","S19","Other Asia, nes","0","W00","World","H6","HS","true","8542","Electronic integrated circuits","4","false","C00","TOTAL CPC","0","0","TOTAL MOT","5","u","772349.765","true","-1","N/A","0","false","280.354","false","0","false","1212957",,"1212957","2","false","true",
"C","M","20240201","2024","2","202402","442","LUX","Luxembourg","M","Import","490","S19","Other Asia, nes","0","W00","World","H6","HS","true","8542","Electronic integrated circuits","4","false","C00","TOTAL CPC","0","0","TOTAL MOT","-1","N/A","0","false","-1","N/A","0","false","41.558","false","0","false","3524.982","3484.173","3524.982","0","false","true",
"C","M","20240201","2024","2","202402","446","MAC","China, Macao SAR","M","Import","490","S19","Other Asia, nes","0","W00","World","H6","HS","true","8542","Electronic integrated circuits","4","false","C00","TOTAL CPC","0","0","TOTAL MOT","-1","N/A","0","false","-1","N/A","0","false","9","false","0","false","307138.346",,"307138.346","0","false","true",
"C","M","20240201","2024","2","202402","458","MYS","Malaysia","M","Import","490","S19","Other Asia, nes","0","W00","World","H6","HS","true","8542","Electronic integrated circuits","4","false","C00","TOTAL CPC","0","0","TOTAL MOT","-1","N/A","0","false","-1","N/A","0","false","825780.742","true","0","false","790234472.582",,"790234472.582","4","false","true",
"C","M","20240201","2024","2","202402","484","MEX","Mexico","M","Import","490","S19","Other Asia, nes","0","W00","World","H6","HS","true","8542","Electronic integrated circuits","4","false","C00","TOTAL CPC","0","0","TOTAL MOT","-1","N/A","0","false","-1","N/A","0","false","0","true","0","false",,"370070182","370070182","4","false","true",
"C","M","20240201","2024","2","202402","498","MDA","Rep. of Moldova","M","Import","490","S19","Other Asia, nes","0","W00","World","H6","HS","true","8542","Electronic integrated circuits","4","false","C00","TOTAL CPC","0","0","TOTAL MOT","5","u","1455.399","true","-1","N/A","0","false","5.952","true","0","false","5493",,"5493","6","false","true",
"C","M","20240201","2024","2","202402","499","MNE","Montenegro","M","Import","490","S19","Other Asia, nes","0","W00","World","H6","HS","true","8542","Electronic integrated circuits","4","false","C00","TOTAL CPC","0","0","TOTAL MOT","-1","N/A","0","false","-1","N/A","0","false","7.08","false","0","false","5278.237",,"5278.237","0","false","true",
"C","M","20240201","2024","2","202402","504","MAR","Morocco","M","Import","490","S19","Other Asia, nes","0","W00","World","H6","HS","true","8542","Electronic integrated circuits","4","false","C00","TOTAL CPC","0","0","TOTAL MOT","-1","N/A","0","true","-1","N/A","0","false","1108.794","false","0","false","1343859.86",,"1343859.86","2","false","true",
"C","M","20240201","2024","2","202402","528","NLD","Netherlands","M","Import","490","S19","Other Asia, nes","0","W00","World","H6","HS","true","8542","Electronic integrated circuits","4","false","C00","TOTAL CPC","0","0","TOTAL MOT","-1","N/A","0","true","-1","N/A","0","false","16373.118","true","0","false","10564097.005",,"10564097.005","6","false","true",
"C","M","20240201","2024","2","202402","554","NZL","New Zealand","M","Import","490","S19","Other Asia, nes","0","W00","World","H6","HS","true","8542","Electronic integrated circuits","4","false","C00","TOTAL CPC","0","0","TOTAL MOT","5","u","702334.707","true","-1","N/A","0","false","511.341","true","0","false","947461.218","943937.308","947461.218","6","false","true",
"C","M","20240201","2024","2","202402","579","NOR","Norway","M","Import","490","S19","Other Asia, nes","0","W00","World","H6","HS","true","8542","Electronic integrated circuits","4","false","C00","TOTAL CPC","0","0","TOTAL MOT","-1","N/A","0","false","-1","N/A","0","false","1165","false","0","false","4283423.494",,"4283423.494","0","false","true",
"C","M","20240201","2024","2","202402","608","PHL","Philippines","M","Import","490","S19","Other Asia, nes","0","W00","World","H6","HS","true","8542","Electronic integrated circuits","4","false","C00","TOTAL CPC","0","0","TOTAL MOT","-1","N/A","0","false","-1","N/A","0","false","75442.972","true","108644.53","false","109575694","104457792","109575694","4","false","true",
"C","M","20240201","2024","2","202402","616","POL","Poland","M","Import","490","S19","Other Asia, nes","0","W00","World","H6","HS","true","8542","Electronic integrated circuits","4","false","C00","TOTAL CPC","0","0","TOTAL MOT","-1","N/A","0","true","-1","N/A","0","false","41705","false","0","false","51347059",,"51347059","2","false","true",
"C","M","20240201","2024","2","202402","620","PRT","Portugal","M","Import","490","S19","Other Asia, nes","0","W00","World","H6","HS","true","8542","Electronic integrated circuits","4","false","C00","TOTAL CPC","0","0","TOTAL MOT","-1","N/A","0","false","-1","N/A","0","false","2968.119","true","0","false","12242155.838",,"12242155.838","4","false","true",
"C","M","20240201","2024","2","202402","642","ROU","Romania","M","Import","490","S19","Other Asia, nes","0","W00","World","H6","HS","true","8542","Electronic integrated circuits","4","false","C00","TOTAL CPC","0","0","TOTAL MOT","-1","N/A","0","false","-1","N/A","0","false","2786.67","false","0","false","10934652.98","10493908.83","10934652.98","0","false","true",
"C","M","20240201","2024","2","202402","688","SRB","Serbia","M","Import","490","S19","Other Asia, nes","0","W00","World","H6","HS","true","8542","Electronic integrated circuits","4","false","C00","TOTAL CPC","0","0","TOTAL MOT","-1","N/A","0","false","-1","N/A","0","false","336.521","true","0","false","403299","395576","403299","4","false","true",
"C","M","20240201","2024","2","202402","699","IND","India","M","Import","490","S19","Other Asia, nes","0","W00","World","H6","HS","true","8542","Electronic integrated circuits","4","false","C00","TOTAL CPC","0","0","TOTAL MOT","5","u","108670551","false","5","u","108670551","false","244817.746","true","0","false","446385570.175",,"446385570.175","4","false","true",
"C","M","20240201","2024","2","202402","703","SVK","Slovakia","M","Import","490","S19","Other Asia, nes","0","W00","World","H6","HS","true","8542","Electronic integrated circuits","4","false","C00","TOTAL CPC","0","0","TOTAL MOT","-1","N/A","0","false","-1","N/A","0","false","7582.795","true","0","false","8932913.14","8758711.281","8932913.14","4","false","true",
"C","M","20240201","2024","2","202402","705","SVN","Slovenia","M","Import","490","S19","Other Asia, nes","0","W00","World","H6","HS","true","8542","Electronic integrated circuits","4","false","C00","TOTAL CPC","0","0","TOTAL MOT","-1","N/A","0","false","-1","N/A","0","false","836.2","false","0","false","1007138.537",,"1007138.537","0","false","true",
"C","M","20240201","2024","2","202402","710","ZAF","South Africa","M","Import","490","S19","Other Asia, nes","0","W00","World","H6","HS","true","8542","Electronic integrated circuits","4","false","C00","TOTAL CPC","0","0","TOTAL MOT","5","u","561152","false","5","u","561152","false","552.625","true","0","false",,"1019649.879","1019649.879","4","false","true",
"C","M","20240201","2024","2","202402","724","ESP","Spain","M","Import","490","S19","Other Asia, nes","0","W00","World","H6","HS","true","8542","Electronic integrated circuits","4","false","C00","TOTAL CPC","0","0","TOTAL MOT","-1","N/A","0","false","-1","N/A","0","false","8580.412","false","0","false","6261904.368",,"6261904.368","0","false","true",
"C","M","20240201","2024","2","202402","752","SWE","Sweden","M","Import","490","S19","Other Asia, nes","0","W00","World","H6","HS","true","8542","Electronic integrated circuits","4","false","C00","TOTAL CPC","0","0","TOTAL MOT","-1","N/A","0","false","-1","N/A","0","false","3984.382","true","0","false","10841424.397",,"10841424.397","4","false","true",
"C","M","20240201","2024","2","202402","757","CHE","Switzerland","M","Import","490","S19","Other Asia, nes","0","W00","World","H6","HS","true","8542","Electronic integrated circuits","4","false","C00","TOTAL CPC","0","0","TOTAL MOT","-1","N/A","0","false","-1","N/A","0","false","3614","false","0","false","12904255.838",,"12904255.838","0","false","true",
"C","M","20240201","2024","2","202402","792","TUR","Türkiye","M","Import","490","S19","Other Asia, nes","0","W00","World","H6","HS","true","8542","Electronic integrated circuits","4","false","C00","TOTAL CPC","0","0","TOTAL MOT","-1","N/A","0","false","-1","N/A","0","false","10626","false","0","false","17399023","16402520.04","17399023","0","false","true",
"C","M","20240201","2024","2","202402","804","UKR","Ukraine","M","Import","490","S19","Other Asia, nes","0","W00","World","H6","HS","true","8542","Electronic integrated circuits","4","false","C00","TOTAL CPC","0","0","TOTAL MOT","-1","N/A","0","false","-1","N/A","0","false","1094.647","false","0","false","2562634.69",,"2562634.69","0","false","true",
"C","M","20240201","2024","2","202402","807","MKD","North Macedonia","M","Import","490","S19","Other Asia, nes","0","W00","World","H6","HS","true","8542","Electronic integrated circuits","4","false","C00","TOTAL CPC","0","0","TOTAL MOT","5","u","383256.81","true","-1","N/A","0","false","451","false","0","false","976411.839",,"976411.839","2","false","true",
"C","M","20240201","2024","2","202402","818","EGY","Egypt","M","Import","490","S19","Other Asia, nes","0","W00","World","H6","HS","true","8542","Electronic integrated circuits","4","false","C00","TOTAL CPC","0","0","TOTAL MOT","-1","N/A","0","true","-1","N/A","0","false","2747.734","true","0","false","5066579.24",,"5066579.24","6","false","true",
"C","M","20240201","2024","2","202402","826","GBR","United Kingdom","M","Import","490","S19","Other Asia, nes","0","W00","World","H6","HS","true","8542","Electronic integrated circuits","4","false","C00","TOTAL CPC","0","0","TOTAL MOT","-1","N/A","0","false","-1","N/A","0","false","28522.073","true","0","false","47121282.508",,"47121282.508","4","false","true",
"C","M","20240201","2024","2","202402","842","USA","USA","M","Import","490","S19","Other Asia, nes","0","W00","World","H6","HS","true","8542","Electronic integrated circuits","4","false","C00","TOTAL CPC","0","0","TOTAL MOT","-1","N/A","0","true","-1","N/A","0","false","347467.104","true","0","false","634320879","630921838","634320879","6","false","true",
"C","M","20240301","2024","3","202403","31","AZE","Azerbaijan","M","Import","490","S19","Other Asia, nes","0","W00","World","H6","HS","true","8542","Electronic integrated circuits","4","false","C00","TOTAL CPC","0","0","TOTAL MOT","5","u","4","false","5","u","4","false","1.3","false","0","false","1000.69",,"1000.69","0","false","true",
"C","M","20240301","2024","3","202403","32","ARG","Argentina","M","Import","490","S19","Other Asia, nes","0","W00","World","H6","HS","true","8542","Electronic integrated circuits","4","false","C00","TOTAL CPC","0","0","TOTAL MOT","5","u","169794","false","5","u","169794","false","8081.67","false","0","false","348499.42","341077.9","348499.42","0","false","true",
"C","M","20240301","2024","3","202403","36","AUS","Australia","M","Import","490","S19","Other Asia, nes","0","W00","World","H6","HS","true","8542","Electronic integrated circuits","4","false","C00","TOTAL CPC","0","0","TOTAL MOT","5","u","1722533","false","5","u","1722533","false","0","true","0","false","8787424.998","8717579.408","8787424.998","4","false","true",
"C","M","20240301","2024","3","202403","56","BEL","Belgium","M","Import","490","S19","Other Asia, nes","0","W00","World","H6","HS","true","8542","Electronic integrated circuits","4","false","C00","TOTAL CPC","0","0","TOTAL MOT","5","u","12317428.817","true","-1","N/A","0","false","7915.76","false","0","false","24035013.697",,"24035013.697","2","false","true",
"C","M","20240301","2024","3","202403","68","BOL","Bolivia (Plurinational State of)","M","Import","490","S19","Other Asia, nes","0","W00","World","H6","HS","true","8542","Electronic integrated circuits","4","false","C00","TOTAL CPC","0","0","TOTAL MOT","-1","N/A","0","false","-1","N/A","0","false","0.07","true","7","false","130","112","130","4","false","true",
"C","M","20240301","2024","3","202403","70","BIH","Bosnia Herzegovina","M","Import","490","S19","Other Asia, nes","0","W00","World","H6","HS","true","8542","Electronic integrated circuits","4","false","C00","TOTAL CPC","0","0","TOTAL MOT","-1","N/A","0","false","-1","N/A","0","false","1.66","false","0","false","6850.283",,"6850.283","0","false","true",
"C","M","20240301","2024","3","202403","76","BRA","Brazil","M","Import","490","S19","Other Asia, nes","0","W00","World","H6","HS","true","8542","Electronic integrated circuits","4","false","C00","TOTAL CPC","0","0","TOTAL MOT","-1","N/A","0","true","-1","N/A","0","false","23420.814","true","0","false","90108684","89693934","90108684","6","false","true",
"C","M","20240301","2024","3","202403","100","BGR","Bulgaria","M","Import","490","S19","Other Asia, nes","0","W00","World","H6","HS","true","8542","Electronic integrated circuits","4","false","C00","TOTAL CPC","0","0","TOTAL MOT","-1","N/A","0","false","-1","N/A","0","false","3081.42","true","0","false","2335554.098",,"2335554.098","4","false","true",
"C","M","20240301","2024","3","202403","124","CAN","Canada","M","Import","490","S19","Other Asia, nes","0","W00","World","H6","HS","true","8542","Electronic integrated circuits","4","false","C00","TOTAL CPC","0","0","TOTAL MOT","-1","N/A","0","false","-1","N/A","0","false",,"false","0","false",,"26409853.504","26409853.504","0","false","true",
"C","M","20240301","2024","3","202403","152","CHL","Chile","M","Import","490","S19","Other Asia, nes","0","W00","World","H6","HS","true","8542","Electronic integrated circuits","4","false","C00","TOTAL CPC","0","0","TOTAL MOT","5","u","10204","false","5","u","10204","false","89.224","true","0","false","166702.961","154138.239","166702.961","4","false","true",
"C","M","20240301","2024","3","202403","191","HRV","Croatia","M","Import","490","S19","Other Asia, nes","0","W00","World","H6","HS","true","8542","Electronic integrated circuits","4","false","C00","TOTAL CPC","0","0","TOTAL MOT","5","u","3740.711","true","-1","N/A","0","false","6.846","false","0","false","8612",,"8612","2","false","true",
"C","M","20240301","2024","3","202403","203","CZE","Czechia","M","Import","490","S19","Other Asia, nes","0","W00","World","H6","HS","true","8542","Electronic integrated circuits","4","false","C00","TOTAL CPC","0","0","TOTAL MOT","-1","N/A","0","false","-1","N/A","0","false","13198.79","true","0","false","12029564","11343494","12029564","4","false","true",
"C","M","20240301","2024","3","202403","208","DNK","Denmark","M","Import","490","S19","Other Asia, nes","0","W00","World","H6","HS","true","8542","Electronic integrated circuits","4","false","C00","TOTAL CPC","0","0","TOTAL MOT","-1","N/A","0","true","-1","N/A","0","false","1177","false","0","false","1550386.719",,"1550386.719","2","false","true",
"C","M","20240301","2024","3","202403","222","SLV","El Salvador","M","Import","490","S19","Other Asia, nes","0","W00","World","H6","HS","true","8542","Electronic integrated circuits","4","false","C00","TOTAL CPC","0","0","TOTAL MOT","-1","N/A","0","false","-1","N/A","0","false","8.757","true","0","false","1667.04",,"1667.04","4","false","true",
"C","M","20240301","2024","3","202403","233","EST","Estonia","M","Import","490","S19","Other Asia, nes","0","W00","World","H6","HS","true","8542","Electronic integrated circuits","4","false","C00","TOTAL CPC","0","0","TOTAL MOT","-1","N/A","0","false","-1","N/A","0","false","2860.459","false","0","false","1628704.19",,"1628704.19","0","false","true",
"C","M","20240301","2024","3","202403","246","FIN","Finland","M","Import","490","S19","Other Asia, nes","0","W00","World","H6","HS","true","8542","Electronic integrated circuits","4","false","C00","TOTAL CPC","0","0","TOTAL MOT","-1","N/A","0","false","-1","N/A","0","false","10884.826","true","0","false","33578305.887",,"33578305.887","4","false","true",
"C","M","20240301","2024","3","202403","276","DEU","Germany","M","Import","490","S19","Other Asia, nes","0","W00","World","H6","HS","true","8542","Electronic integrated circuits","4","false","C00","TOTAL CPC","0","0","TOTAL MOT","-1","N/A","0","false","-1","N/A","0","false","130247.375","true","0","false","365464108.336",,"365464108.336","4","false","true",
"C","M","20240301","2024","3","202403","300","GRC","Greece","M","Import","490","S19","Other Asia, nes","0","W00","World","H6","HS","true","8542","Electronic integrated circuits","4","false","C00","TOTAL CPC","0","0","TOTAL MOT","-1","N/A","0","true","-1","N/A","0","false","67","false","0","false","34870.407",,"34870.407","2","false","true",
"C","M","20240301","2024","3","202403","320","GTM","Guatemala","M","Import","490","S19","Other Asia, nes","0","W00","World","H6","HS","true","8542","Electronic integrated circuits","4","false","C00","TOTAL CPC","0","0","TOTAL MOT","5","u","1814.258","true","-1","N/A","0","false","178","false","0","false","2377",,"2377","2","false","true",
"C","M","20240301","2024","3","202403","344","HKG","China, Hong Kong SAR","M","Import","490","S19","Other Asia, nes","0","W00","World","H6","HS","true","8542","Electronic integrated circuits","4","false","C00","TOTAL CPC","0","0","TOTAL MOT","-1","N/A","0","false","-1","N/A","0","false","2361946.438","true","0","false","4349517168.141",,"4349517168.141","4","false","true",
"C","M","20240301","2024","3","202403","348","HUN","Hungary","M","Import","490","S19","Other Asia, nes","0","W00","World","H6","HS","true","8542","Electronic integrated circuits","4","false","C00","TOTAL CPC","0","0","TOTAL MOT","-1","N/A","0","false","-1","N/A","0","false","2492.043","true","0","false","5384473",,"5384473","4","false","true",
"C","M","20240301","2024","3","202403","352","ISL","Iceland","M","Import","490","S19","Other Asia, nes","0","W00","World","H6","HS","true","8542","Electronic integrated circuits","4","false","C00","TOTAL CPC","0","0","TOTAL MOT","-1","N/A","0","false","-1","N/A","0","false","42","false","0","false","32124.029","31705.265","32124.029","0","false","true",
"C","M","20240301","2024","3","202403","372","IRL","Ireland","M","Import","490","S19","Other Asia, nes","0","W00","World","H6","HS","true","8542","Electronic integrated circuits","4","false","C00","TOTAL CPC","0","0","TOTAL MOT","5","u","3849954.228","true","-1","N/A","0","false","1654.026","true","0","false","9036648.648",,"9036648.648","6","false","true",
"C","M","20240301","2024","3","202403","376","ISR","Israel","M","Import","490","S19","Other Asia, nes","0","W00","World","H6","HS","true","8542","Electronic integrated circuits","4","false","C00","TOTAL CPC","0","0","TOTAL MOT","-1","N/A","0","true","-1","N/A","0","false","11123.833","true","0","false","20415000",,"20415000","6","false","true",
"C","M","20240301","2024","3","202403","380","ITA","Italy","M","Import","490","S19","Other Asia, nes","0","W00","World","H6","HS","true","8542","Electronic integrated circuits","4","false","C00","TOTAL CPC","0","0","TOTAL MOT","-1","N/A","0","true","-1","N/A","0","false","2693.19","true","0","false","5228396.404",,"5228396.404","6","false","true",
"C","M","20240301","2024","3","202403","392","JPN","Japan","M","Import","490","S19","Other Asia, nes","0","W00","World","H6","HS","true","8542","Electronic integrated circuits","4","false","C00","TOTAL CPC","0","0","TOTAL MOT","-1","N/A","0","false","-1","N/A","0","false","769154.778","true","0","false","1414266361.791",,"1414266361.791","4","false","true",
"C","M","20240301","2024","3","202403","417","KGZ","Kyrgyzstan","M","Import","490","S19","Other Asia, nes","0","W00","World","H6","HS","true","8542","Electronic integrated circuits","4","false","C00","TOTAL CPC","0","0","TOTAL MOT","5","u","6040","false","5","u","6040","false","4","false","0","false","5884",,"5884","0","false","true",
"C","M","20240301","2024","3","202403","428","LVA","Latvia","M","Import","490","S19","Other Asia, nes","0","W00","World","H6","HS","true","8542","Electronic integrated circuits","4","false","C00","TOTAL CPC","0","0","TOTAL MOT","-1","N/A","0","false","-1","N/A","0","false","956.039","true","0","false","3937886.921",,"3937886.921","4","false","true",
"C","M","20240301","2024","3","202403","440","LTU","Lithuania","M","Import","490","S19","Other Asia, nes","0","W00","World","H6","HS","true","8542","Electronic integrated circuits","4","false","C00","TOTAL CPC","0","0","TOTAL MOT","5","u","655129.701","true","-1","N/A","0","false","408.748","false","0","false","1793467",,"1793467","2","false","true",
"C","M","20240301","2024","3","202403","442","LUX","Luxembourg","M","Import","490","S19","Other Asia, nes","0","W00","World","H6","HS","true","8542","Electronic integrated circuits","4","false","C00","TOTAL CPC","0","0","TOTAL MOT","-1","N/A","0","false","-1","N/A","0","false","12.862","false","0","false","47109.764","45792.947","47109.764","0","false","true",
"C","M","20240301","2024","3","202403","446","MAC","China, Macao SAR","M","Import","490","S19","Other Asia, nes","0","W00","World","H6","HS","true","8542","Electronic integrated circuits","4","false","C00","TOTAL CPC","0","0","TOTAL MOT","-1","N/A","0","false","-1","N/A","0","false","130.697","true","0","false","1155701.371",,"1155701.371","4","false","true",
"C","M","20240301","2024","3","202403","458","MYS","Malaysia","M","Import","490","S19","Other Asia, nes","0","W00","World","H6","HS","true","8542","Electronic integrated circuits","4","false","C00","TOTAL CPC","0","0","TOTAL MOT","-1","N/A","0","false","-1","N/A","0","false","1248197.595","true","0","false","826021524.473",,"826021524.473","4","false","true",
"C","M","20240301","2024","3","202403","484","MEX","Mexico","M","Import","490","S19","Other Asia, nes","0","W00","World","H6","HS","true","8542","Electronic integrated circuits","4","false","C00","TOTAL CPC","0","0","TOTAL MOT","-1","N/A","0","false","-1","N/A","0","false","0","true","0","false",,"322864443","322864443","4","false","true",
"C","M","20240301","2024","3","202403","498","MDA","Rep. of Moldova","M","Import","490","S19","Other Asia, nes","0","W00","World","H6","HS","true","8542","Electronic integrated circuits","4","false","C00","TOTAL CPC","0","0","TOTAL MOT","5","u","4803","false","5","u","4803","false","2","false","0","false","3834",,"3834","0","false","true",
"C","M","20240301","2024","3","202403","499","MNE","Montenegro","M","Import","490","S19","Other Asia, nes","0","W00","World","H6","HS","true","8542","Electronic integrated circuits","4","false","C00","TOTAL CPC","0","0","TOTAL MOT","5","u","188.415","true","-1","N/A","0","false","13","false","0","false","7053.731",,"7053.731","2","false","true",
"C","M","20240301","2024","3","202403","504","MAR","Morocco","M","Import","490","S19","Other Asia, nes","0","W00","World","H6","HS","true","8542","Electronic integrated circuits","4","false","C00","TOTAL CPC","0","0","TOTAL MOT","-1","N/A","0","true","-1","N/A","0","false","45.731","false","0","false","36236.099",,"36236.099","2","false","true",
"C","M","20240301","2024","3","202403","528","NLD","Netherlands","M","Import","490","S19","Other Asia, nes","0","W00","World","H6","HS","true","8542","Electronic integrated circuits","4","false","C00","TOTAL CPC","0","0","TOTAL MOT","-1","N/A","0","true","-1","N/A","0","false","16465.227","true","0","false","12427596.502",,"12427596.502","6","false","true",
"C","M","20240301","2024","3","202403","554","NZL","New Zealand","M","Import","490","S19","Other Asia, nes","0","W00","World","H6","HS","true","8542","Electronic integrated circuits","4","false","C00","TOTAL CPC","0","0","TOTAL MOT","5","u","295719.506","true","-1","N/A","0","false","420.123","true","0","false","776603.27","774137.875","776603.27","6","false","true",
"C","M","20240301","2024","3","202403","579","NOR","Norway","M","Import","490","S19","Other Asia, nes","0","W00","World","H6","HS","true","8542","Electronic integrated circuits","4","false","C00","TOTAL CPC","0","0","TOTAL MOT","-1","N/A","0","false","-1","N/A","0","false","1477","false","0","false","5190919.73",,"5190919.73","0","false","true",
"C","M","20240301","2024","3","202403","591","PAN","Panama","M","Import","490","S19","Other Asia, nes","0","W00","World","H6","HS","true","8542","Electronic integrated circuits","4","false","C00","TOTAL CPC","0","0","TOTAL MOT","-1","N/A","0","false","-1","N/A","0","false","77","false","77","false","4255",,"4255","0","false","true",
"C","M","20240301","2024","3","202403","600","PRY","Paraguay","M","Import","490","S19","Other Asia, nes","0","W00","World","H6","HS","true","8542","Electronic integrated circuits","4","false","C00","TOTAL CPC","0","0","TOTAL MOT","-1","N/A","0","false","-1","N/A","0","false","6.05","false","0","false","4536.93","4375.52","4536.93","0","false","true",
"C","M","20240301","2024","3","202403","608","PHL","Philippines","M","Import","490","S19","Other Asia, nes","0","W00","World","H6","HS","true","8542","Electronic integrated circuits","4","false","C00","TOTAL CPC","0","0","TOTAL MOT","-1","N/A","0","false","-1","N/A","0","false","103742.007","true","142080.8","false","132970955","126839717","132970955","4","false","true",
"C","M","20240301","2024","3","202403","616","POL","Poland","M","Import","490","S19","Other Asia, nes","0","W00","World","H6","HS","true","8542","Electronic integrated circuits","4","false","C00","TOTAL CPC","0","0","TOTAL MOT","-1","N/A","0","true","-1","N/A","0","false","36791","false","0","false","47869651",,"47869651","2","false","true",
"C","M","20240301","2024","3","202403","620","PRT","Portugal","M","Import","490","S19","Other Asia, nes","0","W00","World","H6","HS","true","8542","Electronic integrated circuits","4","false","C00","TOTAL CPC","0","0","TOTAL MOT","-1","N/A","0","false","-1","N/A","0","false","1892.706","true","0","false","8961675.044",,"8961675.044","4","false","true",
"C","M","20240301","2024","3","202403","642","ROU","Romania","M","Import","490","S19","Other Asia, nes","0","W00","World","H6","HS","true","8542","Electronic integrated circuits","4","false","C00","TOTAL CPC","0","0","TOTAL MOT","-1","N/A","0","false","-1","N/A","0","false","2269.763","true","0","false","8740433.99","8388132.4","8740433.99","4","false","true",
"C","M","20240301","2024","3","202403","688","SRB","Serbia","M","Import","490","S19","Other Asia, nes","0","W00","World","H6","HS","true","8542","Electronic integrated circuits","4","false","C00","TOTAL CPC","0","0","TOTAL MOT","-1","N/A","0","false","-1","N/A","0","false","422.051","true","0","false","548760","536483","548760","4","false","true",
"C","M","20240301","2024","3","202403","699","IND","India","M","Import","490","S19","Other Asia, nes","0","W00","World","H6","HS","true","8542","Electronic integrated circuits","4","false","C00","TOTAL CPC","0","0","TOTAL MOT","-1","N/A","0","true","-1","N/A","0","false","280989.485","true","0","false","512298103.582",,"512298103.582","6","false","true",
"C","M","20240301","2024","3","202403","703","SVK","Slovakia","M","Import","490","S19","Other Asia, nes","0","W00","World","H6","HS","true","8542","Electronic integrated circuits","4","false","C00","TOTAL CPC","0","0","TOTAL MOT","-1","N/A","0","false","-1","N/A","0","false","6173.083","true","0","false","8434478.805","8238116.001","8434478.805","4","false","true",
"C","M","20240301","2024","3","202403","705","SVN","Slovenia","M","Import","490","S19","Other Asia, nes","0","W00","World","H6","HS","true","8542","Electronic integrated circuits","4","false","C00","TOTAL CPC","0","0","TOTAL MOT","-1","N/A","0","false","-1","N/A","0","false","415.496","false","0","false","692579.436",,"692579.436","0","false","true",
"C","M","20240301","2024","3","202403","710","ZAF","South Africa","M","Import","490","S19","Other Asia, nes","0","W00","World","H6","HS","true","8542","Electronic integrated circuits","4","false","C00","TOTAL CPC","0","0","TOTAL MOT","5","u","502491","false","5","u","502491","false","557.604","true","0","false",,"1031286.634","1031286.634","4","false","true",
"C","M","20240301","2024","3","202403","724","ESP","Spain","M","Import","490","S19","Other Asia, nes","0","W00","World","H6","HS","true","8542","Electronic integrated circuits","4","false","C00","TOTAL CPC","0","0","TOTAL MOT","-1","N/A","0","false","-1","N/A","0","false","9775.095","false","0","false","12988140.432",,"12988140.432","0","false","true",
"C","M","20240301","2024","3","202403","752","SWE","Sweden","M","Import","490","S19","Other Asia, nes","0","W00","World","H6","HS","true","8542","Electronic integrated circuits","4","false","C00","TOTAL CPC","0","0","TOTAL MOT","-1","N/A","0","false","-1","N/A","0","false",,"false","0","false","5212790.136",,"5212790.136","0","false","true",
"C","M","20240301","2024","3","202403","757","CHE","Switzerland","M","Import","490","S19","Other Asia, nes","0","W00","World","H6","HS","true","8542","Electronic integrated circuits","4","false","C00","TOTAL CPC","0","0","TOTAL MOT","-1","N/A","0","false","-1","N/A","0","false","3588","false","0","false","15236848.657",,"15236848.657","0","false","true",
"C","M","20240301","2024","3","202403","768","TGO","Togo","M","Import","490","S19","Other Asia, nes","0","W00","World","H5","HS","true","8542","Electronic integrated circuits","4","false","C00","TOTAL CPC","0","0","TOTAL MOT","-1","N/A","0","false","-1","N/A","0","false","6","false","0","false","3850.074",,"3850.074","0","false","true",
"C","M","20240301","2024","3","202403","792","TUR","Türkiye","M","Import","490","S19","Other Asia, nes","0","W00","World","H6","HS","true","8542","Electronic integrated circuits","4","false","C00","TOTAL CPC","0","0","TOTAL MOT","-1","N/A","0","false","-1","N/A","0","false","10370","false","0","false","13026110","12486570.05","13026110","0","false","true",
"C","M","20240301","2024","3","202403","804","UKR","Ukraine","M","Import","490","S19","Other Asia, nes","0","W00","World","H6","HS","true","8542","Electronic integrated circuits","4","false","C00","TOTAL CPC","0","0","TOTAL MOT","5","u","899695.031","true","-1","N/A","0","false","830.472","false","0","false","2570619.39",,"2570619.39","2","false","true",
"C","M","20240301","2024","3","202403","807","MKD","North Macedonia","M","Import","490","S19","Other Asia, nes","0","W00","World","H6","HS","true","8542","Electronic integrated circuits","4","false","C00","TOTAL CPC","0","0","TOTAL MOT","5","u","825972.357","true","-1","N/A","0","false","663","false","0","false","1666367.486",,"1666367.486","2","false","true",
"C","M","20240301","2024","3","202403","818","EGY","Egypt","M","Import","490","S19","Other Asia, nes","0","W00","World","H6","HS","true","8542","Electronic integrated circuits","4","false","C00","TOTAL CPC","0","0","TOTAL MOT","5","u","2735569.651","true","-1","N/A","0","false","2340.147","true","0","false","4334966.607",,"4334966.607","6","false","true",
"C","M","20240301","2024","3","202403","826","GBR","United Kingdom","M","Import","490","S19","Other Asia, nes","0","W00","World","H6","HS","true","8542","Electronic integrated circuits","4","false","C00","TOTAL CPC","0","0","TOTAL MOT","-1","N/A","0","false","-1","N/A","0","false","21690.211","true","0","false","26278943.065",,"26278943.065","4","false","true",
"C","M","20240301","2024","3","202403","842","USA","USA","M","Import","490","S19","Other Asia, nes","0","W00","World","H6","HS","true","8542","Electronic integrated circuits","4","false","C00","TOTAL CPC","0","0","TOTAL MOT","-1","N/A","0","true","-1","N/A","0","false","365360.1","true","0","false","667103659","664002942","667103659","6","false","true",
"C","M","20240301","2024","3","202403","860","UZB","Uzbekistan","M","Import","490","S19","Other Asia, nes","0","W00","World","H6","HS","true","8542","Electronic integrated circuits","4","false","C00","TOTAL CPC","0","0","TOTAL MOT","5","u","2000","false","5","u","2000","false","8.212","true","0","false","15240",,"15240","4","false","true",
"C","M","20240401","2024","4","202404","36","AUS","Australia","M","Import","490","S19","Other Asia, nes","0","W00","World","H6","HS","true","8542","Electronic integrated circuits","4","false","C00","TOTAL CPC","0","0","TOTAL MOT","-1","N/A","0","true","-1","N/A","0","false",,"false","0","false","4641964.956","4599233.816","4641964.956","2","false","true",
"C","M","20240401","2024","4","202404","68","BOL","Bolivia (Plurinational State of)","M","Import","490","S19","Other Asia, nes","0","W00","World","H6","HS","true","8542","Electronic integrated circuits","4","false","C00","TOTAL CPC","0","0","TOTAL MOT","-1","N/A","0","false","-1","N/A","0","false","0.045","true","1","false","85","79","85","4","false","true",
"C","M","20240401","2024","4","202404","76","BRA","Brazil","M","Import","490","S19","Other Asia, nes","0","W00","World","H6","HS","true","8542","Electronic integrated circuits","4","false","C00","TOTAL CPC","0","0","TOTAL MOT","-1","N/A","0","true","-1","N/A","0","false","20724.772","true","0","false","112792468","112374729","112792468","6","false","true",
"C","M","20240401","2024","4","202404","124","CAN","Canada","M","Import","490","S19","Other Asia, nes","0","W00","World","H6","HS","true","8542","Electronic integrated circuits","4","false","C00","TOTAL CPC","0","0","TOTAL MOT","-1","N/A","0","false","-1","N/A","0","false",,"false","0","false",,"30084366.339","30084366.339","0","false","true",
"C","M","20240401","2024","4","202404","152","CHL","Chile","M","Import","490","S19","Other Asia, nes","0","W00","World","H6","HS","true","8542","Electronic integrated circuits","4","false","C00","TOTAL CPC","0","0","TOTAL MOT","-1","N/A","0","false","-1","N/A","0","false","129.255","true","0","false","241404.89","236173.81","241404.89","4","false","true",
"C","M","20240401","2024","4","202404","203","CZE","Czechia","M","Import","490","S19","Other Asia, nes","0","W00","World","H6","HS","true","8542","Electronic integrated circuits","4","false","C00","TOTAL CPC","0","0","TOTAL MOT","-1","N/A","0","false","-1","N/A","0","false","13296.499","true","0","false","10856752","10236879","10856752","4","false","true",
"C","M","20240401","2024","4","202404","208","DNK","Denmark","M","Import","490","S19","Other Asia, nes","0","W00","World","H6","HS","true","8542","Electronic integrated circuits","4","false","C00","TOTAL CPC","0","0","TOTAL MOT","-1","N/A","0","true","-1","N/A","0","false","845","false","0","false","1432419.863",,"1432419.863","2","false","true",
"C","M","20240401","2024","4","202404","222","SLV","El Salvador","M","Import","490","S19","Other Asia, nes","0","W00","World","H6","HS","true","8542","Electronic integrated circuits","4","false","C00","TOTAL CPC","0","0","TOTAL MOT","-1","N/A","0","false","-1","N/A","0","false","43.51","false","0","false","3318.62",,"3318.62","0","false","true",
"C","M","20240401","2024","4","202404","233","EST","Estonia","M","Import","490","S19","Other Asia, nes","0","W00","World","H6","HS","true","8542","Electronic integrated circuits","4","false","C00","TOTAL CPC","0","0","TOTAL MOT","-1","N/A","0","false","-1","N/A","0","false","4951.18","false","0","false","1706025.33",,"1706025.33","0","false","true",
"C","M","20240401","2024","4","202404","246","FIN","Finland","M","Import","490","S19","Other Asia, nes","0","W00","World","H6","HS","true","8542","Electronic integrated circuits","4","false","C00","TOTAL CPC","0","0","TOTAL MOT","-1","N/A","0","false","-1","N/A","0","false","5021.955","true","0","false","31248628.372",,"31248628.372","4","false","true",
"C","M","20240401","2024","4","202404","276","DEU","Germany","M","Import","490","S19","Other Asia, nes","0","W00","World","H6","HS","true","8542","Electronic integrated circuits","4","false","C00","TOTAL CPC","0","0","TOTAL MOT","-1","N/A","0","false","-1","N/A","0","false","123540.51","true","0","false","334298233.115",,"334298233.115","4","false","true",
"C","M","20240401","2024","4","202404","300","GRC","Greece","M","Import","490","S19","Other Asia, nes","0","W00","World","H6","HS","true","8542","Electronic integrated circuits","4","false","C00","TOTAL CPC","0","0","TOTAL MOT","5","u","48054.164","true","-1","N/A","0","false","31","false","0","false","85507.772",,"85507.772","2","false","true",
"C","M","20240401","2024","4","202404","320","GTM","Guatemala","M","Import","490","S19","Other Asia, nes","0","W00","World","H6","HS","true","8542","Electronic integrated circuits","4","false","C00","TOTAL CPC","0","0","TOTAL MOT","-1","N/A","0","false","-1","N/A","0","false","144","false","0","false","10490",,"10490","0","false","true",
"C","M","20240401","2024","4","202404","352","ISL","Iceland","M","Import","490","S19","Other Asia, nes","0","W00","World","H6","HS","true","8542","Electronic integrated circuits","4","false","C00","TOTAL CPC","0","0","TOTAL MOT","5","u","31.004","true","-1","N/A","0","false","2.056","true","0","false","141.797","118.897","141.797","6","false","true",
"C","M","20240401","2024","4","202404","372","IRL","Ireland","M","Import","490","S19","Other Asia, nes","0","W00","World","H6","HS","true","8542","Electronic integrated circuits","4","false","C00","TOTAL CPC","0","0","TOTAL MOT","-1","N/A","0","true","-1","N/A","0","false","1463.057","true","0","false","6846025.316",,"6846025.316","6","false","true",
"C","M","20240401","2024","4","202404","376","ISR","Israel","M","Import","490","S19","Other Asia, nes","0","W00","World","H6","HS","true","8542","Electronic integrated circuits","4","false","C00","TOTAL CPC","0","0","TOTAL MOT","-1","N/A","0","true","-1","N/A","0","false","16566.858","true","0","false","30433000",,"30433000","6","false","true",
"C","M","20240401","2024","4","202404","392","JPN","Japan","M","Import","490","S19","Other Asia, nes","0","W00","World","H6","HS","true","8542","Electronic integrated circuits","4","false","C00","TOTAL CPC","0","0","TOTAL MOT","-1","N/A","0","false","-1","N/A","0","false","590679.545","true","0","false","1081479607.995",,"1081479607.995","4","false","true",
"C","M","20240401","2024","4","202404","417","KGZ","Kyrgyzstan","M","Import","490","S19","Other Asia, nes","0","W00","World","H6","HS","true","8542","Electronic integrated circuits","4","false","C00","TOTAL CPC","0","0","TOTAL MOT","8","kg","2","false","8","kg","2","false","2","false","0","false","15583",,"15583","0","false","true",
"C","M","20240401","2024","4","202404","428","LVA","Latvia","M","Import","490","S19","Other Asia, nes","0","W00","World","H6","HS","true","8542","Electronic integrated circuits","4","false","C00","TOTAL CPC","0","0","TOTAL MOT","-1","N/A","0","false","-1","N/A","0","false","1537.943","true","0","false","5018783.869",,"5018783.869","4","false","true",
"C","M","20240401","2024","4","202404","440","LTU","Lithuania","M","Import","490","S19","Other Asia, nes","0","W00","World","H6","HS","true","8542","Electronic integrated circuits","4","false","C00","TOTAL CPC","0","0","TOTAL MOT","5","u","355082.733","true","-1","N/A","0","false","238.833","false","0","false","1260090",,"1260090","2","false","true",
"C","M","20240401","2024","4","202404","442","LUX","Luxembourg","M","Import","490","S19","Other Asia, nes","0","W00","World","H6","HS","true","8542","Electronic integrated circuits","4","false","C00","TOTAL CPC","0","0","TOTAL MOT","-1","N/A","0","false","-1","N/A","0","false","9.539","false","0","false","70969.863","70373.313","70969.863","0","false","true",
"C","M","20240401","2024","4","202404","458","MYS","Malaysia","M","Import","490","S19","Other Asia, nes","0","W00","World","H6","HS","true","8542","Electronic integrated circuits","4","false","C00","TOTAL CPC","0","0","TOTAL MOT","-1","N/A","0","false","-1","N/A","0","false","1585239.286","true","0","false","850714432.671",,"850714432.671","4","false","true",
"C","M","20240401","2024","4","202404","484","MEX","Mexico","M","Import","490","S19","Other Asia, nes","0","W00","World","H6","HS","true","8542","Electronic integrated circuits","4","false","C00","TOTAL CPC","0","0","TOTAL MOT","-1","N/A","0","false","-1","N/A","0","false","0","true","0","false",,"300541813","300541813","4","false","true",
"C","M","20240401","2024","4","202404","528","NLD","Netherlands","M","Import","490","S19","Other Asia, nes","0","W00","World","H6","HS","true","8542","Electronic integrated circuits","4","false","C00","TOTAL CPC","0","0","TOTAL MOT","-1","N/A","0","true","-1","N/A","0","false","10774.495","true","0","false","10520674.257",,"10520674.257","6","false","true",
"C","M","20240401","2024","4","202404","554","NZL","New Zealand","M","Import","490","S19","Other Asia, nes","0","W00","World","H6","HS","true","8542","Electronic integrated circuits","4","false","C00","TOTAL CPC","0","0","TOTAL MOT","5","u","239702.395","true","-1","N/A","0","false","244.725","true","0","false","452493.141","449811.567","452493.141","6","false","true",
"C","M","20240401","2024","4","202404","579","NOR","Norway","M","Import","490","S19","Other Asia, nes","0","W00","World","H6","HS","true","8542","Electronic integrated circuits","4","false","C00","TOTAL CPC","0","0","TOTAL MOT","-1","N/A","0","false","-1","N/A","0","false","1316","false","0","false","3183684.056",,"3183684.056","0","false","true",
"C","M","20240401","2024","4","202404","591","PAN","Panama","M","Import","490","S19","Other Asia, nes","0","W00","World","H6","HS","true","8542","Electronic integrated circuits","4","false","C00","TOTAL CPC","0","0","TOTAL MOT","-1","N/A","0","false","-1","N/A","0","false","31","false","31","false","3763",,"3763","0","false","true",
"C","M","20240401","2024","4","202404","600","PRY","Paraguay","M","Import","490","S19","Other Asia, nes","0","W00","World","H6","HS","true","8542","Electronic integrated circuits","4","false","C00","TOTAL CPC","0","0","TOTAL MOT","-1","N/A","0","false","-1","N/A","0","false","2","false","0","false","493.24","462","493.24","0","false","true",
"C","M","20240401","2024","4","202404","616","POL","Poland","M","Import","490","S19","Other Asia, nes","0","W00","World","H6","HS","true","8542","Electronic integrated circuits","4","false","C00","TOTAL CPC","0","0","TOTAL MOT","-1","N/A","0","true","-1","N/A","0","false","26190","false","0","false","58398141",,"58398141","2","false","true",
"C","M","20240401","2024","4","202404","620","PRT","Portugal","M","Import","490","S19","Other Asia, nes","0","W00","World","H6","HS","true","8542","Electronic integrated circuits","4","false","C00","TOTAL CPC","0","0","TOTAL MOT","-1","N/A","0","false","-1","N/A","0","false","4849.381","true","0","false","15835843.659",,"15835843.659","4","false","true",
"C","M","20240401","2024","4","202404","688","SRB","Serbia","M","Import","490","S19","Other Asia, nes","0","W00","World","H6","HS","true","8542","Electronic integrated circuits","4","false","C00","TOTAL CPC","0","0","TOTAL MOT","-1","N/A","0","false","-1","N/A","0","false","288.852","true","0","false","588669","577659","588669","4","false","true",
"C","M","20240401","2024","4","202404","699","IND","India","M","Import","490","S19","Other Asia, nes","0","W00","World","H6","HS","true","8542","Electronic integrated circuits","4","false","C00","TOTAL CPC","0","0","TOTAL MOT","-1","N/A","0","true","-1","N/A","0","false","253962.124","true","0","false","462792020.397",,"462792020.397","6","false","true",
"C","M","20240401","2024","4","202404","710","ZAF","South Africa","M","Import","490","S19","Other Asia, nes","0","W00","World","H6","HS","true","8542","Electronic integrated circuits","4","false","C00","TOTAL CPC","0","0","TOTAL MOT","-1","N/A","0","false","-1","N/A","0","false","553.288","true","0","false",,"1021063.612","1021063.612","4","false","true",
"C","M","20240401","2024","4","202404","752","SWE","Sweden","M","Import","490","S19","Other Asia, nes","0","W00","World","H6","HS","true","8542","Electronic integrated circuits","4","false","C00","TOTAL CPC","0","0","TOTAL MOT","-1","N/A","0","false","-1","N/A","0","false","8127.519","true","0","false","16823327.198",,"16823327.198","4","false","true",
"C","M","20240401","2024","4","202404","757","CHE","Switzerland","M","Import","490","S19","Other Asia, nes","0","W00","World","H6","HS","true","8542","Electronic integrated circuits","4","false","C00","TOTAL CPC","0","0","TOTAL MOT","-1","N/A","0","false","-1","N/A","0","false","3171","false","0","false","13160166.986",,"13160166.986","0","false","true",
"C","M","20240401","2024","4","202404","792","TUR","Türkiye","M","Import","490","S19","Other Asia, nes","0","W00","World","H6","HS","true","8542","Electronic integrated circuits","4","false","C00","TOTAL CPC","0","0","TOTAL MOT","-1","N/A","0","false","-1","N/A","0","false","16940","false","0","false","17885047","17501131.5","17885047","0","false","true",
"C","M","20240401","2024","4","202404","807","MKD","North Macedonia","M","Import","490","S19","Other Asia, nes","0","W00","World","H6","HS","true","8542","Electronic integrated circuits","4","false","C00","TOTAL CPC","0","0","TOTAL MOT","5","u","561618.648","true","-1","N/A","0","false","563.276","true","0","false","1146436.966",,"1146436.966","6","false","true",
"C","M","20240401","2024","4","202404","826","GBR","United Kingdom","M","Import","490","S19","Other Asia, nes","0","W00","World","H6","HS","true","8542","Electronic integrated circuits","4","false","C00","TOTAL CPC","0","0","TOTAL MOT","-1","N/A","0","false","-1","N/A","0","false","29638.118","true","0","false","36839017.349",,"36839017.349","4","false","true",
"C","M","20240401","2024","4","202404","842","USA","USA","M","Import","490","S19","Other Asia, nes","0","W00","World","H6","HS","true","8542","Electronic integrated circuits","4","false","C00","TOTAL CPC","0","0","TOTAL MOT","-1","N/A","0","true","-1","N/A","0","false","424224.113","true","0","false","772926060","769988315","772926060","6","false","true",
"C","M","20240501","2024","5","202405","36","AUS","Australia","M","Import","490","S19","Other Asia, nes","0","W00","World","H6","HS","true","8542","Electronic integrated circuits","4","false","C00","TOTAL CPC","0","0","TOTAL MOT","5","u","1285735","false","5","u","1285735","false",,"false","0","false","5608026.461","5557612.147","5608026.461","0","false","true",
"C","M","20240501","2024","5","202405","76","BRA","Brazil","M","Import","490","S19","Other Asia, nes","0","W00","World","H6","HS","true","8542","Electronic integrated circuits","4","false","C00","TOTAL CPC","0","0","TOTAL MOT","-1","N/A","0","false","-1","N/A","0","false","15288.377","true","0","false","79928167","79580741","79928167","4","false","true",
"C","M","20240501","2024","5","202405","124","CAN","Canada","M","Import","490","S19","Other Asia, nes","0","W00","World","H6","HS","true","8542","Electronic integrated circuits","4","false","C00","TOTAL CPC","0","0","TOTAL MOT","-1","N/A","0","true","-1","N/A","0","false","15753.347","true","0","false",,"26996636.65","26996636.65","6","false","true",
"C","M","20240501","2024","5","202405","208","DNK","Denmark","M","Import","490","S19","Other Asia, nes","0","W00","World","H6","HS","true","8542","Electronic integrated circuits","4","false","C00","TOTAL CPC","0","0","TOTAL MOT","-1","N/A","0","true","-1","N/A","0","false","879","false","0","false","919849.049",,"919849.049","2","false","true",
"C","M","20240501","2024","5","202405","222","SLV","El Salvador","M","Import","490","S19","Other Asia, nes","0","W00","World","H6","HS","true","8542","Electronic integrated circuits","4","false","C00","TOTAL CPC","0","0","TOTAL MOT","-1","N/A","0","false","-1","N/A","0","false","4418.211","true","0","false","11114.22",,"11114.22","4","false","true",
"C","M","20240501","2024","5","202405","276","DEU","Germany","M","Import","490","S19","Other Asia, nes","0","W00","World","H6","HS","true","8542","Electronic integrated circuits","4","false","C00","TOTAL CPC","0","0","TOTAL MOT","-1","N/A","0","false","-1","N/A","0","false","128166.053","true","0","false","330659900.927",,"330659900.927","4","false","true",
"C","M","20240501","2024","5","202405","352","ISL","Iceland","M","Import","490","S19","Other Asia, nes","0","W00","World","H6","HS","true","8542","Electronic integrated circuits","4","false","C00","TOTAL CPC","0","0","TOTAL MOT","-1","N/A","0","true","-1","N/A","0","false","47.247","true","0","false","31172.888","31154.883","31172.888","6","false","true",
"C","M","20240501","2024","5","202405","376","ISR","Israel","M","Import","490","S19","Other Asia, nes","0","W00","World","H6","HS","true","8542","Electronic integrated circuits","4","false","C00","TOTAL CPC","0","0","TOTAL MOT","-1","N/A","0","true","-1","N/A","0","false","12168.345","true","0","false","21607000",,"21607000","6","false","true",
"C","M","20240501","2024","5","202405","392","JPN","Japan","M","Import","490","S19","Other Asia, nes","0","W00","World","H6","HS","true","8542","Electronic integrated circuits","4","false","C00","TOTAL CPC","0","0","TOTAL MOT","-1","N/A","0","false","-1","N/A","0","false","559757.803","true","0","false","1025288645.034",,"1025288645.034","4","false","true",
"C","M","20240501","2024","5","202405","458","MYS","Malaysia","M","Import","490","S19","Other Asia, nes","0","W00","World","H6","HS","true","8542","Electronic integrated circuits","4","false","C00","TOTAL CPC","0","0","TOTAL MOT","-1","N/A","0","false","-1","N/A","0","false","1186209.374","true","0","false","947883964.293",,"947883964.293","4","false","true",
"C","M","20240501","2024","5","202405","554","NZL","New Zealand","M","Import","490","S19","Other Asia, nes","0","W00","World","H6","HS","true","8542","Electronic integrated circuits","4","false","C00","TOTAL CPC","0","0","TOTAL MOT","-1","N/A","0","true","-1","N/A","0","false","340.941","true","0","false","599196.176","596477.155","599196.176","6","false","true",
"C","M","20240501","2024","5","202405","579","NOR","Norway","M","Import","490","S19","Other Asia, nes","0","W00","World","H6","HS","true","8542","Electronic integrated circuits","4","false","C00","TOTAL CPC","0","0","TOTAL MOT","-1","N/A","0","false","-1","N/A","0","false","1363","false","0","false","5903789.886",,"5903789.886","0","false","true",
"C","M","20240501","2024","5","202405","600","PRY","Paraguay","M","Import","490","S19","Other Asia, nes","0","W00","World","H6","HS","true","8542","Electronic integrated circuits","4","false","C00","TOTAL CPC","0","0","TOTAL MOT","-1","N/A","0","false","-1","N/A","0","false","3.83","false","0","false","2268.65","2181.6","2268.65","0","false","true",
"C","M","20240501","2024","5","202405","620","PRT","Portugal","M","Import","490","S19","Other Asia, nes","0","W00","World","H6","HS","true","8542","Electronic integrated circuits","4","false","C00","TOTAL CPC","0","0","TOTAL MOT","-1","N/A","0","false","-1","N/A","0","false","3564.086","true","0","false","17255988.082",,"17255988.082","4","false","true",
"C","M","20240501","2024","5","202405","710","ZAF","South Africa","M","Import","490","S19","Other Asia, nes","0","W00","World","H6","HS","true","8542","Electronic integrated circuits","4","false","C00","TOTAL CPC","0","0","TOTAL MOT","-1","N/A","0","false","-1","N/A","0","false","710.357","true","0","false",,"1310899.945","1310899.945","4","false","true",
"C","M","20240501","2024","5","202405","757","CHE","Switzerland","M","Import","490","S19","Other Asia, nes","0","W00","World","H6","HS","true","8542","Electronic integrated circuits","4","false","C00","TOTAL CPC","0","0","TOTAL MOT","-1","N/A","0","true","-1","N/A","0","false","3946.087","true","0","false","15556193.886",,"15556193.886","6","false","true",
"C","M","20240501","2024","5","202405","792","TUR","Türkiye","M","Import","490","S19","Other Asia, nes","0","W00","World","H6","HS","true","8542","Electronic integrated circuits","4","false","C00","TOTAL CPC","0","0","TOTAL MOT","-1","N/A","0","false","-1","N/A","0","false","12880","false","0","false","17537084","17070478.24","17537084","0","false","true",
"C","M","20240501","2024","5","202405","807","MKD","North Macedonia","M","Import","490","S19","Other Asia, nes","0","W00","World","H6","HS","true","8542","Electronic integrated circuits","4","false","C00","TOTAL CPC","0","0","TOTAL MOT","5","u","619032.995","true","-1","N/A","0","false","495.015","true","0","false","1570262.041",,"1570262.041","6","false","true",
"C","M","20240501","2024","5","202405","826","GBR","United Kingdom","M","Import","490","S19","Other Asia, nes","0","W00","World","H6","HS","true","8542","Electronic integrated circuits","4","false","C00","TOTAL CPC","0","0","TOTAL MOT","-1","N/A","0","false","-1","N/A","0","false","23126.662","true","0","false","30331375.425",,"30331375.425","4","false","true",
"C","M","20240501","2024","5","202405","842","USA","USA","M","Import","490","S19","Other Asia, nes","0","W00","World","H6","HS","true","8542","Electronic integrated circuits","4","false","C00","TOTAL CPC","0","0","TOTAL MOT","-1","N/A","0","true","-1","N/A","0","false","418885.93","true","0","false","762260653","759587568","762260653","6","false","true",
"C","M","20240601","2024","6","202406","757","CHE","Switzerland","M","Import","490","S19","Other Asia, nes","0","W00","World","H6","HS","true","8542","Electronic integrated circuits","4","false","C00","TOTAL CPC","0","0","TOTAL MOT","-1","N/A","0","false","-1","N/A","0","false","3795","false","0","false","13288470.711",,"13288470.711","0","false","true",
